var_name_e,var_name_f,theme_en,theme_fr,variable_cat_en,variable_cat_fr,full_variable_question_fr,full_variable_question,label_fr,label_en
ADV_05_e,ADV_05_f,Employees' number of years of experience,Nombre d'années d'expérience des employés,Staffing advisors,Conseiller en dotation,Depuis combien de temps travaillez-vous comme conseiller en dotation au sein de la fonction publique fédérale?,"Thinking about the appointment processes that you undertook between January 1 and December 31, 2017, to what extent do you agree with the following statements? - How long have you been a staffing advisor in the federal public service?",Depuis combien temps travaillez-vous conseiller en dotation FPF (ADV_05),How long been a staffing advisor in federal public service (ADV_05)
ADV_10A_e,ADV_10A_f,Perception of the New Direction in Staffing,Perception de la Nouvelle orientation en dotation,Staffing advisors,Conseiller en dotation,Veuillez indiquer dans quelle mesure vous êtes d’accord avec les énoncés suivants  - Je suis suffisamment informé sur la façon dont mon organisation a décidé de mettre en oeuvre la Nouvelle orientation en dotation (NOD) de la CFP,"Thinking about the appointment processes that you undertook between January 1 and December 31, 2017, to what extent do you agree with the following statements? - I am sufficiently informed about how my organization has chosen to implement the PSC's New Direction in Staffing (NDS)",Mesure d'accord: Informé façon org. mettre en oeuvre NOD (ADV_10A),Extent agree: Sufficiently informed about org and NDS (ADV_10A)
ADV_10B_e,ADV_10B_f,Perception of the New Direction in Staffing,Perception de la Nouvelle orientation en dotation,Staffing advisors,Conseiller en dotation,Veuillez indiquer dans quelle mesure vous êtes d’accord avec les énoncés suivants  - Je peux expliquer aux gestionnaires comment la mise en oeuvre de la NOD au sein de mon organisation répond à leurs besoins en dotation,"Thinking about the appointment processes that you undertook between January 1 and December 31, 2017, to what extent do you agree with the following statements? - I can explain to managers how my organization's implementation of the NDS relates to their staffing needs",Mesure d'accord: Exp. ges. mise en oeuvre NOD répond besoins (ADV_10B),Extent agree: Can explain how org’s NDS relates to mngr needs (ADV_10B)
ADV_10C_e,ADV_10C_f,Perception of the New Direction in Staffing,Perception de la Nouvelle orientation en dotation,Staffing advisors,Conseiller en dotation,Veuillez indiquer dans quelle mesure vous êtes d’accord avec les énoncés suivants  - La NOD offre à mes clients la possibilité de personnaliser leurs activités de dotation en fonction des besoins organisationnels,"Thinking about the appointment processes that you undertook between January 1 and December 31, 2017, to what extent do you agree with the following statements? - The NDS provides my clients with the ability to customize their staffing activities based on organizational needs",Mesure d'accord: NOD offre pos. person. act. de dotation (ADV_10C),Extent agree: NDS ability to customize staffing activities (ADV_10C)
ADV_10D_e,ADV_10D_f,Consideration of priority entitlements,Prise en considération des droits de priorité,Staffing advisors,Conseiller en dotation,Veuillez indiquer dans quelle mesure vous êtes d’accord avec les énoncés suivants  - Je suis suffisamment informé des modifications apportées aux droits de priorité en vertu de la Loi sur l’embauche des anciens combattants (LEAC) de sorte que je suis en mesure de fournir des conseils éclairés aux ge,"Thinking about the appointment processes that you undertook between January 1 and December 31, 2017, to what extent do you agree with the following statements? - I am sufficiently informed about changes to priority entitlements included in the Veterans Hiring Act (VHA) so as to provide sound advice",Mesure d'accord: Suff. informé mod. droits de priorité LEAC (ADV_10D),Extent agree: Informed about priority entitlements changes VHA (ADV_10D)
ADV_10E_e,ADV_10E_f,Perception of the New Direction in Staffing,Perception de la Nouvelle orientation en dotation,Staffing advisors,Conseiller en dotation,Veuillez indiquer dans quelle mesure vous êtes d’accord avec les énoncés suivants  - La mise en place du Formulaire d’attestation a servi à renforcer les principales responsabilités des gestionnaires subdélégués,"Thinking about the appointment processes that you undertook between January 1 and December 31, 2017, to what extent do you agree with the following statements? - The implementation of the Attestation Form has served to reinforce sub-delegated managers' key accountabilities",Mesure d'accord: Mise en place form. renforcer resp. ges. (ADV_10E),Extent agree: Attestation Form reinforces accountabilities (ADV_10E)
ADV_10F_e,ADV_10F_f,Perception of staffing advice and support,Perception des conseils et du soutien en matière de dotation,Staffing advisors,Conseiller en dotation,"Veuillez indiquer dans quelle mesure vous êtes d’accord avec les énoncés suivants  - De façon générale, j’ai confiance en ma capacité de fournir aux gestionnaires des conseils utiles en matière de dotation","Thinking about the appointment processes that you undertook between January 1 and December 31, 2017, to what extent do you agree with the following statements? - Overall, I am confident in my ability to provide managers with useful advice on staffing",Mesure d'accord: Confiance capacité fournir conseils utiles (ADV_10F),Extent agree: Confident in ability to provide staffing advice (ADV_10F)
ADV_15A_e,ADV_15A_f,Consideration of priority entitlements,Prise en considération des droits de priorité,Staffing advisors,Conseiller en dotation,"Entre le 1er janvier et le 31 décembre 2017, vos clients (gestionnaires d’embauche) vous ont-ils demandé des conseils stratégiques quant aux options disponibles relativement à chacun des domaines suivants? - Prise en considération des personnes ayant un droit de priorité","Between January 1 and December 31, 2017, did any of your clients (hiring managers) seek your strategic input regarding available options in each of the following areas? - Consideration of persons with priority entitlements",Clients demandé conseils: Pers. ayant droit de priorité (ADV_15A),Clients sought input: Priority entitlements (ADV_15A)
ADV_15B_e,ADV_15B_f,Perception of staffing advice and support,Perception des conseils et du soutien en matière de dotation,Staffing advisors,Conseiller en dotation,"Entre le 1er janvier et le 31 décembre 2017, vos clients (gestionnaires d’embauche) vous ont-ils demandé des conseils stratégiques quant aux options disponibles relativement à chacun des domaines suivants? - Mesures d’adaptation pour les évaluations à l’intention des candidats","Between January 1 and December 31, 2017, did any of your clients (hiring managers) seek your strategic input regarding available options in each of the following areas? - Testing accommodation for candidates",Clients demandé conseils: Mesures d’adaptation évaluations (ADV_15B),Clients sought input: Testing accommodation (ADV_15B)
ADV_15C_e,ADV_15C_f,Perception of staffing advice and support,Perception des conseils et du soutien en matière de dotation,Staffing advisors,Conseiller en dotation,"Entre le 1er janvier et le 31 décembre 2017, vos clients (gestionnaires d’embauche) vous ont-ils demandé des conseils stratégiques quant aux options disponibles relativement à chacun des domaines suivants? - Considérations relatives à l’équité en matière d’emploi","Between January 1 and December 31, 2017, did any of your clients (hiring managers) seek your strategic input regarding available options in each of the following areas? - Employment equity considerations",Clients demandé conseils: Équité en matière d’emploi (ADV_15C),Clients sought input: Employment equity (ADV_15C)
ADV_15D_e,ADV_15D_f,Perception of staffing advice and support,Perception des conseils et du soutien en matière de dotation,Staffing advisors,Conseiller en dotation,"Entre le 1er janvier et le 31 décembre 2017, vos clients (gestionnaires d’embauche) vous ont-ils demandé des conseils stratégiques quant aux options disponibles relativement à chacun des domaines suivants? - Établissement de la zone de sélection","Between January 1 and December 31, 2017, did any of your clients (hiring managers) seek your strategic input regarding available options in each of the following areas? - Identifying the area of selection",Clients demandé conseils: Établissement zone de sélection (ADV_15D),Clients sought input: Identifying area of selection (ADV_15D)
ADV_15E_e,ADV_15E_f,Perception of staffing advice and support,Perception des conseils et du soutien en matière de dotation,Staffing advisors,Conseiller en dotation,"Entre le 1er janvier et le 31 décembre 2017, vos clients (gestionnaires d’embauche) vous ont-ils demandé des conseils stratégiques quant aux options disponibles relativement à chacun des domaines suivants? - Établissement des critères de mérite","Between January 1 and December 31, 2017, did any of your clients (hiring managers) seek your strategic input regarding available options in each of the following areas? - Establishing the merit criteria",Clients demandé conseils: Établissement critères de mérite (ADV_15E),Clients sought input: Establishing the merit criteria (ADV_15E)
ADV_15F_e,ADV_15F_f,Perception of staffing advice and support,Perception des conseils et du soutien en matière de dotation,Staffing advisors,Conseiller en dotation,"Entre le 1er janvier et le 31 décembre 2017, vos clients (gestionnaires d’embauche) vous ont-ils demandé des conseils stratégiques quant aux options disponibles relativement à chacun des domaines suivants? - Outils ou méthodes d’évaluation à utiliser","Between January 1 and December 31, 2017, did any of your clients (hiring managers) seek your strategic input regarding available options in each of the following areas? - The assessment tools or methods to be used",Clients demandé conseils: Outils/méthodes d’évaluation (ADV_15F),Clients sought input: Assessment tools or methods used (ADV_15F)
ADV_15G_e,ADV_15G_f,Perception of staffing advice and support,Perception des conseils et du soutien en matière de dotation,Staffing advisors,Conseiller en dotation,"Entre le 1er janvier et le 31 décembre 2017, vos clients (gestionnaires d’embauche) vous ont-ils demandé des conseils stratégiques quant aux options disponibles relativement à chacun des domaines suivants? - Durée de l’annonce des postes à pourvoir","Between January 1 and December 31, 2017, did any of your clients (hiring managers) seek your strategic input regarding available options in each of the following areas? - The proposed length of time to advertise",Clients demandé conseils: Durée de l’annonce (ADV_15G),Clients sought input: Length of time to advertise (ADV_15G)
ADV_15H_e,ADV_15H_f,Perception of staffing advice and support,Perception des conseils et du soutien en matière de dotation,Staffing advisors,Conseiller en dotation,"Entre le 1er janvier et le 31 décembre 2017, vos clients (gestionnaires d’embauche) vous ont-ils demandé des conseils stratégiques quant aux options disponibles relativement à chacun des domaines suivants? - Choix de la méthode utilisée pour doter leurs postes","Between January 1 and December 31, 2017, did any of your clients (hiring managers) seek your strategic input regarding available options in each of the following areas? - Choice of method used to staff their positions",Clients demandé conseils: Choix de la méthode utilisée (ADV_15H),Clients sought input: Method used to staff (ADV_15H)
ADV_15I_e,ADV_15I_f,Perception of staffing advice and support,Perception des conseils et du soutien en matière de dotation,Staffing advisors,Conseiller en dotation,"Entre le 1er janvier et le 31 décembre 2017, vos clients (gestionnaires d’embauche) vous ont-ils demandé des conseils stratégiques quant aux options disponibles relativement à chacun des domaines suivants? - Harmonisation des besoins en dotation des gestionnaires avec les priorités du plan des RH de","Between January 1 and December 31, 2017, did any of your clients (hiring managers) seek your strategic input regarding available options in each of the following areas? - Aligning the managers' staffing needs with the priorities of your organization's HR plan",Clients demandé conseils: Har. besoins ges. avec plan RH (ADV_15I),Clients sought input: Align staffing needs w/ org HR plan (ADV_15I)
ADV_20A_e,ADV_20A_f,Consideration of priority entitlements,Prise en considération des droits de priorité,Staffing advisors,Conseiller en dotation,"Entre le 1er janvier et le 31 décembre 2017, dans quelle mesure les conseils fournis à vos clients (gestionnaires d’embauche) relativement à chacun des domaines suivants ont-ils influencé les mesures qu’ils ont prises en matière de dotation? - Prise en considération des personnes ayant un droit de p","Between January 1 and December 31, 2017, to what extent did the input provided to your clients (hiring managers) in each of the following areas influence their staffing actions? - Consideration of persons with priority entitlements",Mesure influencé mesure prise: Pers. ayant droit priorité (ADV_20A),Extent influenced client: Persons w/ priority entitlements (ADV_20A)
ADV_20B_e,ADV_20B_f,Perception of staffing advice and support,Perception des conseils et du soutien en matière de dotation,Staffing advisors,Conseiller en dotation,"Entre le 1er janvier et le 31 décembre 2017, dans quelle mesure les conseils fournis à vos clients (gestionnaires d’embauche) relativement à chacun des domaines suivants ont-ils influencé les mesures qu’ils ont prises en matière de dotation? - Mesures d’adaptation pour les évaluations à l’intention","Between January 1 and December 31, 2017, to what extent did the input provided to your clients (hiring managers) in each of the following areas influence their staffing actions? - Testing accommodation for candidates",Mesure influencé mesure prise: Mesures d’adaptation évaluations (ADV_20B),Extent influenced client: Testing accommodation (ADV_20B)
ADV_20C_e,ADV_20C_f,Perception of staffing advice and support,Perception des conseils et du soutien en matière de dotation,Staffing advisors,Conseiller en dotation,"Entre le 1er janvier et le 31 décembre 2017, dans quelle mesure les conseils fournis à vos clients (gestionnaires d’embauche) relativement à chacun des domaines suivants ont-ils influencé les mesures qu’ils ont prises en matière de dotation? - Considérations relatives à l’équité en matière d’emploi","Between January 1 and December 31, 2017, to what extent did the input provided to your clients (hiring managers) in each of the following areas influence their staffing actions? - Employment equity considerations",Mesure influencé mesure prise: Équité en matière d’emploi (ADV_20C),Extent influenced client: Employment equity (ADV_20C)
ADV_20D_e,ADV_20D_f,Perception of staffing advice and support,Perception des conseils et du soutien en matière de dotation,Staffing advisors,Conseiller en dotation,"Entre le 1er janvier et le 31 décembre 2017, dans quelle mesure les conseils fournis à vos clients (gestionnaires d’embauche) relativement à chacun des domaines suivants ont-ils influencé les mesures qu’ils ont prises en matière de dotation? - Établissement de la zone de sélection","Between January 1 and December 31, 2017, to what extent did the input provided to your clients (hiring managers) in each of the following areas influence their staffing actions? - Identifying the area of selection",Mesure influencé mesure prise: Établissement zone de sélection (ADV_20D),Extent influenced client: Identifying area of selection (ADV_20D)
ADV_20E_e,ADV_20E_f,Perception of staffing advice and support,Perception des conseils et du soutien en matière de dotation,Staffing advisors,Conseiller en dotation,"Entre le 1er janvier et le 31 décembre 2017, dans quelle mesure les conseils fournis à vos clients (gestionnaires d’embauche) relativement à chacun des domaines suivants ont-ils influencé les mesures qu’ils ont prises en matière de dotation? - Établissement des critères de mérite","Between January 1 and December 31, 2017, to what extent did the input provided to your clients (hiring managers) in each of the following areas influence their staffing actions? - Establishing the merit criteria",Mesure influencé mesure prise: Établissement critères de mérite (ADV_20E),Extent influenced client: Establishing the merit criteria (ADV_20E)
ADV_20F_e,ADV_20F_f,Perception of staffing advice and support,Perception des conseils et du soutien en matière de dotation,Staffing advisors,Conseiller en dotation,"Entre le 1er janvier et le 31 décembre 2017, dans quelle mesure les conseils fournis à vos clients (gestionnaires d’embauche) relativement à chacun des domaines suivants ont-ils influencé les mesures qu’ils ont prises en matière de dotation? - Outils ou méthodes d’évaluation à utiliser","Between January 1 and December 31, 2017, to what extent did the input provided to your clients (hiring managers) in each of the following areas influence their staffing actions? - The assessment tools or methods to be used",Mesure influencé mesure prise: Outils/méthodes évaluation (ADV_20F),Extent influenced client: Assessment tools or methods used (ADV_20F)
ADV_20G_e,ADV_20G_f,Perception of staffing advice and support,Perception des conseils et du soutien en matière de dotation,Staffing advisors,Conseiller en dotation,"Entre le 1er janvier et le 31 décembre 2017, dans quelle mesure les conseils fournis à vos clients (gestionnaires d’embauche) relativement à chacun des domaines suivants ont-ils influencé les mesures qu’ils ont prises en matière de dotation? - Durée de l’annonce des postes à pourvoir","Between January 1 and December 31, 2017, to what extent did the input provided to your clients (hiring managers) in each of the following areas influence their staffing actions? - The proposed length of time to advertise",Mesure influencé mesure prise: Durée annonce des postes (ADV_20G),Extent influenced client: Length of time to advertise (ADV_20G)
ADV_20H_e,ADV_20H_f,Perception of staffing advice and support,Perception des conseils et du soutien en matière de dotation,Staffing advisors,Conseiller en dotation,"Entre le 1er janvier et le 31 décembre 2017, dans quelle mesure les conseils fournis à vos clients (gestionnaires d’embauche) relativement à chacun des domaines suivants ont-ils influencé les mesures qu’ils ont prises en matière de dotation? - Choix de la méthode utilisée pour doter leurs postes","Between January 1 and December 31, 2017, to what extent did the input provided to your clients (hiring managers) in each of the following areas influence their staffing actions? - Choice of method used to staff your positions",Mesure influencé mesure prise: Choix méthode utilisée (ADV_20H),Extent influenced client: Method used to staff (ADV_20H)
ADV_20I_e,ADV_20I_f,Perception of staffing advice and support,Perception des conseils et du soutien en matière de dotation,Staffing advisors,Conseiller en dotation,"Entre le 1er janvier et le 31 décembre 2017, dans quelle mesure les conseils fournis à vos clients (gestionnaires d’embauche) relativement à chacun des domaines suivants ont-ils influencé les mesures qu’ils ont prises en matière de dotation? - Harmonisation des besoins en dotation des gestionnaires","Between January 1 and December 31, 2017, to what extent did the input provided to your clients (hiring managers) in each of the following areas influence their staffing actions? - Aligning the managers' staffing needs with the priorities of your organization's HR plan",Mesure influencé mesure prise: Harmoni. besoins avec plan RH (ADV_20I),Extent influenced client: Align staffing needs w/ org HR plan (ADV_20I)
ALL_05A_e,ALL_05A_f,"Perception of merit, fairness and transparency","Perception du mérite, de l'équité et de la transparence",All participants,Tous les participants,Indiquer dans quelle mesure vous êtes d’accord avec les énoncés suivants concernant les pratiques de dotation dans votre unité de travail  - Les activités de dotation sont menées de manière transparente,"The following questions examine your perceptions of staffing in general, from the perspective of an employee, in terms of what you have observed in your work unit between January 1 and December 31, 2017  - Staffing activities are carried out in a transparent way",Mesure d'accord: Act. dotation menées manière transparente (ALL_05A),Extent agree: Staffing activities transparent (ALL_05A)
ALL_05B_e,ALL_05B_f,"Perception of merit, fairness and transparency","Perception du mérite, de l'équité et de la transparence",All participants,Tous les participants,Indiquer dans quelle mesure vous êtes d’accord avec les énoncés suivants concernant les pratiques de dotation dans votre unité de travail  - J’estime qu’on embauche des personnes qui peuvent effectuer le travail,"The following questions examine your perceptions of staffing in general, from the perspective of an employee, in terms of what you have observed in your work unit between January 1 and December 31, 2017  - I believe that we hire people who can do the job",Mesure d'accord: Embauche pers.qui peuvent effectuer travail (ALL_05B),Extent agree: Hire people who can do the job (ALL_05B)
ALL_05C_e,ALL_05C_f,"Perception of merit, fairness and transparency","Perception du mérite, de l'équité et de la transparence",All participants,Tous les participants,Indiquer dans quelle mesure vous êtes d’accord avec les énoncés suivants concernant les pratiques de dotation dans votre unité de travail  - Les nominations dépendent des gens que vous connaissez,"The following questions examine your perceptions of staffing in general, from the perspective of an employee, in terms of what you have observed in your work unit between January 1 and December 31, 2017  - Appointments depend on who you know",Mesure d'accord: Nomina. dépendent gens que vous connaissez (ALL_05C),Extent agree: Appointments depend on who you know (ALL_05C)
ALL_05D_e,ALL_05D_f,"Perception of merit, fairness and transparency","Perception du mérite, de l'équité et de la transparence",All participants,Tous les participants,Indiquer dans quelle mesure vous êtes d’accord avec les énoncés suivants concernant les pratiques de dotation dans votre unité de travail  - Le processus de sélection des personnes dans le but de pourvoir un poste est équitable,"The following questions examine your perceptions of staffing in general, from the perspective of an employee, in terms of what you have observed in your work unit between January 1 and December 31, 2017  - The process of selecting a person for a position is done fairly",Mesure d'accord: Processus de sélection est équitable (ALL_05D),Extent agree: Process of selecting a person done fairly (ALL_05D)
ALL_15A_e,ALL_15A_f,Awareness and understanding of political activities and non-partisanship,Connaissance et compréhension des activités politiques et de l’impartialité politique,All participants,Tous les participants,Veuillez indiquer dans quelle mesure vous êtes d’accord avec les énoncés suivants concernant les activités politiques et l’impartialité politique  - Vous comprenez vos droits et vos responsabilités concernant la participation à des activités politiques,Indicate to what extent you agree with the following statements regarding political activities and non-partisanship  - You are aware of your rights and obligations for engaging in political activities,Mesure d'accord: Comprenez droits/resp. parti. à act. pol. (ALL_15A),Extent agree: Aware rights obligations engageing in poli act (ALL_15A)
ALL_15B_e,ALL_15B_f,Awareness and understanding of political activities and non-partisanship,Connaissance et compréhension des activités politiques et de l’impartialité politique,All participants,Tous les participants,Veuillez indiquer dans quelle mesure vous êtes d’accord avec les énoncés suivants concernant les activités politiques et l’impartialité politique  - Vous comprenez vos responsabilités en matière d’impartialité politique dans l’exercice de vos fonctions à titre de fonctionnaire,Indicate to what extent you agree with the following statements regarding political activities and non-partisanship  You understand your responsibilities to be politically impartial in carrying out your duties as a public servant,Mesure d'accord: Comp. resp. impartia. pol. dans exer. fonc. (ALL_15B),Extent agree: Understand responsibilities politically impartial (ALL_15B)
ALL_15C_e,ALL_15C_f,Awareness and understanding of political activities and non-partisanship,Connaissance et compréhension des activités politiques et de l’impartialité politique,All participants,Tous les participants,Veuillez indiquer dans quelle mesure vous êtes d’accord avec les énoncés suivants concernant les activités politiques et l’impartialité politique  - Votre organisation vous tient informé de votre droit de participer à des activités politiques,Indicate to what extent you agree with the following statements regarding political activities and non-partisanship  - Your organization keeps you informed of your right to engage in political activities,Mesure d'accord: Org. vous info. droit de parti. act. pol. (ALL_15C),Extent agree: Org informs of right to engage in poli act (ALL_15C)
ALL_15D_e,ALL_15D_f,Awareness and understanding of political activities and non-partisanship,Connaissance et compréhension des activités politiques et de l’impartialité politique,All participants,Tous les participants,Veuillez indiquer dans quelle mesure vous êtes d’accord avec les énoncés suivants concernant les activités politiques et l’impartialité politique  - Votre organisation vous tient informé de vos responsabilités en matière d’impartialité politique dans l’exercice de vos fonctions,Indicate to what extent you agree with the following statements regarding political activities and non-partisanship - Your organization keeps you informed of your responsibilities to be politically impartial in carrying out your duties,Mesure d'accord: Org. info. de resp. en matière d’impar. pol. (ALL_15D),Extent agree: Org informs responsibilities politically impartial (ALL_15D)
ALL_15E_e,ALL_15E_f,Awareness and understanding of political activities and non-partisanship,Connaissance et compréhension des activités politiques et de l’impartialité politique,All participants,Tous les participants,Veuillez indiquer dans quelle mesure vous êtes d’accord avec les énoncés suivants concernant les activités politiques et l’impartialité politique  - Vos connaissances sont suffisantes pour vous permettre de donner des conseils à vos employés et de répondre à leurs questions au sujet de leur particip,Indicate to what extent you agree with the following statements regarding political activities and non-partisanship  - You know enough to provide guidance and answers to your employees regarding their engagement in political activities,Mesure d'accord: Conn. pour conseils/ques. part. act. pol. (ALL_15E),Extent agree: Can provide employees guidance regard poli act (ALL_15E)
ALL_20A_e,ALL_20A_f,Awareness and understanding of political activities and non-partisanship,Connaissance et compréhension des activités politiques et de l’impartialité politique,All participants,Tous les participants,Veuillez indiquer dans quelle mesure vous êtes d’accord avec les énoncés suivants concernant les activités politiques et l’impartialité politique  - Vous comprenez l’importance d’être perçu comme étant politiquement impartial dans l’exercice de vos fonctions,Indicate to what extent you agree with the following statements regarding political activities and non-partisanship  - You understand the importance to be perceived as being politically impartial in carrying out your duties,Mesure d'accord: Comprenez l’import. d’être perçu impartialité (ALL_20A),Extent agree: Understand politically impartial in duties (ALL_20A)
ALL_20B_e,ALL_20B_f,Awareness and understanding of political activities and non-partisanship,Connaissance et compréhension des activités politiques et de l’impartialité politique,All participants,Tous les participants,Veuillez indiquer dans quelle mesure vous êtes d’accord avec les énoncés suivants concernant les activités politiques et l’impartialité politique  - Vous pouvez exercer vos fonctions à titre de fonctionnaire d’une manière politiquement impartiale,Indicate to what extent you agree with the following statements regarding political activities and non-partisanship  - You are able to carry out your duties as a public servant in a politically impartial manner,Mesure d'accord: Pouvez exercer fonc. manière pol. impartialité (ALL_20B),Extent agree: Able to carry out duties politically impartial (ALL_20B)
ALL_20C_e,ALL_20C_f,Awareness and understanding of political activities and non-partisanship,Connaissance et compréhension des activités politiques et de l’impartialité politique,All participants,Tous les participants,"Veuillez indiquer dans quelle mesure vous êtes d’accord avec les énoncés suivants concernant les activités politiques et l’impartialité politique  - Dans votre unité de travail, les employés exercent leurs fonctions à titre de fonctionnaires d’une manière politiquement impartiale","Indicate to what extent you agree with the following statements regarding political activities and non-partisanship  - In your work unit, employees carry out their duties as public servants in a politically impartial manner",Mesure d'accord: Unité emp. fonc. manière pol. impartiale (ALL_20C),Extent agree: Unit employees able politically impartial (ALL_20C)
ALL_20D_e,ALL_20D_f,Awareness and understanding of political activities and non-partisanship,Connaissance et compréhension des activités politiques et de l’impartialité politique,All participants,Tous les participants,Veuillez indiquer dans quelle mesure vous êtes d’accord avec les énoncés suivants concernant les activités politiques et l’impartialité politique  - Vous êtes en mesure de prendre des décisions éclairées relativement à votre participation à des activités politiques,Indicate to what extent you agree with the following statements regarding political activities and non-partisanship  - You are able to make informed decisions about engaging in political activities,Mesure d'accord: Prendre décisions éclairées par. act. pol. (ALL_20D),Extent agree: Able make informed decisions poli act (ALL_20D)
ALL_25_e,ALL_25_f,Awareness and understanding of political activities and non-partisanship,Connaissance et compréhension des activités politiques et de l’impartialité politique,All participants,Tous les participants,"Entre le 1er janvier et le 31 décembre 2017, avez-vous participé à des activités politiques autres qu’exercer votre droit de vote ou poser votre candidature à une élection?","Indicate to what extent you agree with the following statements regarding political activities and non-partisanship  Other than voting or seeking political candidacy, did you engage in any political activities between January 1 and December 31, 2017?","En 2017, avez-vous participé à des activités politiques? (ALL_25)",Engage in political activities in 2017 (ALL_25)
ALL_45_e,ALL_45_f,Employees' number of years of experience,Nombre d'années d'expérience des employés,All participants,Tous les participants,Depuis combien de temps faites-vous partie de votre unité de travail actuelle?,How long have you been part of your current work unit?,Temps faire partie de votre unité de travail actuelle (ALL_45),Time in current work unit (ALL_45)
ALL_50_e,ALL_50_f,Employees' number of years of experience,Nombre d'années d'expérience des employés,All participants,Tous les participants,"Au total, depuis combien d’années travaillez-vous au sein de votre organisation actuelle?","In total, how many years have you been working in your current organization?",Années travaillées au sein de votre organisation actuelle (ALL_50),Years worked in current org (ALL_50)
ALL_55_e,ALL_55_f,Employees' number of years of experience,Nombre d'années d'expérience des employés,All participants,Tous les participants,"Au total, depuis combien d’années travaillez-vous au sein de la fonction publique fédérale?","In total, how many years have you been working in the federal public service?",Années travaillées au sein de la fonction publique fédérale (ALL_55),Years worked in federal public service (ALL_55)
MAN_05_e,MAN_05_f,Employees' number of years of experience,Nombre d'années d'expérience des employés,Managers,Gestionnaire,Depuis combien de temps supervisez-vous des employés de la fonction publique fédérale?,How long have you supervised federal public service employees?,Temps supervisez-vous employés fonction publique fédérale (MAN_05),How long supervised federal public service employees (MAN_05)
MAN_10A_e,MAN_10A_f,Perception of the New Direction in Staffing,Perception de la Nouvelle orientation en dotation,Managers,Gestionnaire,Possédez-vous le pouvoir subdélégué par votre administrateur général de procéder à la nomination de candidats de l’extérieur de votre organisation et au sein de celle-ci?,Do you have sub-delegated authority to make appointments to and within your organization by your deputy head?,Posséder pouvoir subdélégué de procéder à nomination candidats (MAN_10A),Have sub-delegated auth to make appointments (MAN_10A)
MAN_10B_e,MAN_10B_f,Perception of the New Direction in Staffing,Perception de la Nouvelle orientation en dotation,Managers,Gestionnaire,Avez-vous signé un formulaire d’attestation?,Have you signed an Attestation Form?,Avez-vous signé un formulaire d’attestation? (MAN_10B),Have you signed an Attestation Form? (MAN_10B)
MAN_15_e,MAN_15_f,Perception of staffing advice and support,Perception des conseils et du soutien en matière de dotation,Managers,Gestionnaire,"Entre le 1er janvier et le 31 décembre 2017, avez-vous embauché, ou tenté d’embaucher, au moins un employé nommé pour une période indéterminée ou pour une durée déterminée qui relèverait de vous?","Between January 1 and December 31, 2017, did you hire, or attempt to hire, one or more indeterminate or term employees meant to report to you?",Tenté d’embaucher employé indét./durée dét. relèverait de vous (MAN_15),Attempt to hire indeterminate / term to report to you (MAN_15)
MAN_20A_e,MAN_20A_f,Perception of staffing advice and support,Perception des conseils et du soutien en matière de dotation,Managers,Gestionnaire,"Pour chacun des niveaux d’emploi suivants, indiquez le nombre de processus de nomination que vous avez menés pour doter un poste dans votre unité de travail entre le 1er janvier et le 31 décembre 2017  - Emplois au niveau d’entré","For each of the following job levels, please indicate the number of appointment processes you conducted to fill positions in your work unit between January 1 and December 31, 2017 - Entry-level jobs",Nombre processus nomination: Emplois au niveau d’entrée (MAN_20A),Num processes: Entry-level jobs (MAN_20A)
MAN_20B_e,MAN_20B_f,Perception of staffing advice and support,Perception des conseils et du soutien en matière de dotation,Managers,Gestionnaire,"Pour chacun des niveaux d’emploi suivants, indiquez le nombre de processus de nomination que vous avez menés pour doter un poste dans votre unité de travail entre le 1er janvier et le 31 décembre 2017  - Emplois de niveau opérationnel","For each of the following job levels, please indicate the number of appointment processes you conducted to fill positions in your work unit between January 1 and December 31, 2017 - Working-level jobs",Nombre processus nomination: Emplois au niveau opérationnel (MAN_20B),Num processes: Working-level jobs (MAN_20B)
MAN_20C_e,MAN_20C_f,Perception of staffing advice and support,Perception des conseils et du soutien en matière de dotation,Managers,Gestionnaire,"Pour chacun des niveaux d’emploi suivants, indiquez le nombre de processus de nomination que vous avez menés pour doter un poste dans votre unité de travail entre le 1er janvier et le 31 décembre 2017  - Emplois supérieurs au niveau opérationnel","For each of the following job levels, please indicate the number of appointment processes you conducted to fill positions in your work unit between January 1 and December 31, 2017 - Above working-level jobs",Nombre processus nomination: Emplois supé. niveau opérationnel (MAN_20C),Num processes: Above working-level jobs (MAN_20C)
MAN_25A_e,MAN_25A_f,Perception of staffing advice and support,Perception des conseils et du soutien en matière de dotation,Managers,Gestionnaire,Indiquer les types de processus de nomination que vous avez menés entre le 1er janvier et le 31 décembre 2017  - Processus de nomination annoncés,"Indicate the types of appointment processes that you conducted between January 1 and December 31, 2017  - Advertised processes",Type processus nomination: Processus de nomination annoncé (MAN_25A),Types processes: Advertised processes (MAN_25A)
MAN_25B_e,MAN_25B_f,Perception of staffing advice and support,Perception des conseils et du soutien en matière de dotation,Managers,Gestionnaire,Indiquer les types de processus de nomination que vous avez menés entre le 1er janvier et le 31 décembre 2017  - Processus de nomination non annoncés,"Indicate the types of appointment processes that you conducted between January 1 and December 31, 2017  - Non-advertised processes",Type processus nomination: Processus de nomination non annoncés (MAN_25B),Types processes: Non-advertised processes (MAN_25B)
MAN_25C_e,MAN_25C_f,Perception of staffing advice and support,Perception des conseils et du soutien en matière de dotation,Managers,Gestionnaire,Indiquer les types de processus de nomination que vous avez menés entre le 1er janvier et le 31 décembre 2017  - Sans objet,"Indicate the types of appointment processes that you conducted between January 1 and December 31, 2017  - Not applicable",Type processus nomination: Sans objet (MAN_25C),Types processes: Not applicable (MAN_25C)
MAN_35A_e,MAN_35A_f,Consideration of priority entitlements,Prise en considération des droits de priorité,Managers,Gestionnaire,"Entre le 1er janvier et le 31 décembre 2017, avez-vous nommé des personnes ayant un droit de priorité?","Between January 1 and December 31, 2017, did you appoint any persons with a priority entitlement?",Nommé des personnes ayant un droit de priorité (MAN_35A),Appoint persons with a priority entitlement (MAN_35A)
MAN_35BA_e,MAN_35BA_f,Consideration of priority entitlements,Prise en considération des droits de priorité,Managers,Gestionnaire,"Entre le 1er janvier et le 31 décembre 2017, avez-vous nommé des personnes ayant un droit de priorité? Préciser les types de droit de priorité  - Anciens membres des FAC libérés pour des raisons médicales","Between January 1 and December 31, 2017, did you appoint any persons with a priority entitlement? Indicate the specific basis of the priority entitlements  - Medically-released former members of the CAF",Types droit de priorité: Membres FAC libérés raisons médicales (MAN_35BA),Basis of priority entitlements: Medically-released former CAF (MAN_35BA)
MAN_35BB_e,MAN_35BB_f,Consideration of priority entitlements,Prise en considération des droits de priorité,Managers,Gestionnaire,"Entre le 1er janvier et le 31 décembre 2017, avez-vous nommé des personnes ayant un droit de priorité? Préciser les types de droit de priorité  - Anciens membres de la GRC libérés pour des raisons médicales","Between January 1 and December 31, 2017, did you appoint any persons with a priority entitlement? Indicate the specific basis of the priority entitlements  - Medically-released former members of the RCMP",Types droit de priorité: Membres GRC libérés raisons médicales (MAN_35BB),Basis of priority entitlements: Medically-released former RCMP (MAN_35BB)
MAN_35BC_e,MAN_35BC_f,Consideration of priority entitlements,Prise en considération des droits de priorité,Managers,Gestionnaire,"Entre le 1er janvier et le 31 décembre 2017, avez-vous nommé des personnes ayant un droit de priorité? Préciser les types de droit de priorité  - Employés excédentaires","Between January 1 and December 31, 2017, did you appoint any persons with a priority entitlement? Indicate the specific basis of the priority entitlements  - Surplus employees",Types droit de priorité: Employés excédentaires (MAN_35BC),Basis of priority entitlements: Surplus employees (MAN_35BC)
MAN_35BD_e,MAN_35BD_f,Consideration of priority entitlements,Prise en considération des droits de priorité,Managers,Gestionnaire,"Entre le 1er janvier et le 31 décembre 2017, avez-vous nommé des personnes ayant un droit de priorité? Préciser les types de droit de priorité  - Employés mis en disponibilité","Between January 1 and December 31, 2017, did you appoint any persons with a priority entitlement? Indicate the specific basis of the priority entitlements",Types droit de priorité: Employés mis en disponibilité (MAN_35BD),Basis of priority entitlements: Laid-off employees (MAN_35BD)
MAN_35BE_e,MAN_35BE_f,Consideration of priority entitlements,Prise en considération des droits de priorité,Managers,Gestionnaire,"Entre le 1er janvier et le 31 décembre 2017, avez-vous nommé des personnes ayant un droit de priorité? Préciser les types de droit de priorité  - Employés en congé non payé","Between January 1 and December 31, 2017, did you appoint any persons with a priority entitlement? Indicate the specific basis of the priority entitlements  - Employees on leave without pay",Types droit de priorité: Employés en congé non payé (MAN_35BE),Basis of priority entitlements: Employees on leave without pay (MAN_35BE)
MAN_35BF_e,MAN_35BF_f,Consideration of priority entitlements,Prise en considération des droits de priorité,Managers,Gestionnaire,"Entre le 1er janvier et le 31 décembre 2017, avez-vous nommé des personnes ayant un droit de priorité? Préciser les types de droit de priorité  - Fonctionnaire devenu handicapé","Between January 1 and December 31, 2017, did you appoint any persons with a priority entitlement? Indicate the specific basis of the priority entitlements  - Employees who became disabled",Types droit de priorité: Fonctionnaire devenu handicapé (MAN_35BF),Basis of priority entitlements: Employees who became disabled (MAN_35BF)
MAN_35BG_e,MAN_35BG_f,Consideration of priority entitlements,Prise en considération des droits de priorité,Managers,Gestionnaire,"Entre le 1er janvier et le 31 décembre 2017, avez-vous nommé des personnes ayant un droit de priorité? Préciser les types de droit de priorité  - Époux survivant d’un fonctionnaire ou d’un membre des FAC ou de la GRC","Between January 1 and December 31, 2017, did you appoint any persons with a priority entitlement? Indicate the specific basis of the priority entitlements  - Surviving spouse of an employee, of a member of the CAF or of the RCMP",Types droit de priorité: Époux survivant fonc. ou membre FAC/GRC (MAN_35BG),Basis of priority entitlements: Surviving spouse (MAN_35BG)
MAN_35BH_e,MAN_35BH_f,Consideration of priority entitlements,Prise en considération des droits de priorité,Managers,Gestionnaire,"Entre le 1er janvier et le 31 décembre 2017, avez-vous nommé des personnes ayant un droit de priorité? Préciser les types de droit de priorité  - Réintégration"," Between January 1 and December 31, 2017, did you appoint any persons with a priority entitlement? Indicate the specific basis of the priority entitlements  - Reinstatement",Types droit de priorité: Réintégration (MAN_35BH),Basis of priority entitlements: Reinstatement (MAN_35BH)
MAN_40A_e,MAN_40A_f,Perception of staffing advice and support,Perception des conseils et du soutien en matière de dotation,Managers,Gestionnaire,"Entre le 1er janvier et le 31 décembre 2017, avez-vous nommé des personnes provenant de l’administration publique centrale pour une période déterminée ou indéterminée?","Between January 1 and December 31, 2017, did you appoint any persons from within the core public administration as a term or indeterminate employee?",Nommé personnes de APC: Période dét./indét. (MAN_40A),Appoint from within CPA: Term / indeterminate (MAN_40A)
MAN_40BA_e,MAN_40BA_f,Perception of staffing advice and support,Perception des conseils et du soutien en matière de dotation,Managers,Gestionnaire,"Entre le 1er janvier et le 31 décembre 2017, avez-vous nommé des personnes provenant de l’administration publique centrale pour une période déterminée ou indéterminée? Préciser les types de processus utilisés  - Processus de dotation non annoncé","Between January 1 and December 31, 2017, did you appoint any persons from within the core public administration as a term or indeterminate employee? Indicate the types of processes used  - A non-advertised staffing process",De APC: Types processus utilisés: Non annoncé (MAN_40BA),Within CPA: Process type: Non-advertised (MAN_40BA)
MAN_40BB_e,MAN_40BB_f,Perception of staffing advice and support,Perception des conseils et du soutien en matière de dotation,Managers,Gestionnaire,"Entre le 1er janvier et le 31 décembre 2017, avez-vous nommé des personnes provenant de l’administration publique centrale pour une période déterminée ou indéterminée? Préciser les types de processus utilisés  - Processus de dotation annoncé que vous avez mené afin de répondre à vos besoins particul","Between January 1 and December 31, 2017, did you appoint any persons from within the core public administration as a term or indeterminate employee?Indicate the types of processes used  - An advertised staffing process that you ran to address your specific needs only",De APC: Types processus utilisés: Annoncé répon. besoins parti. (MAN_40BB),Within CPA: Process type: Advertised: Specific (MAN_40BB)
MAN_40BC_e,MAN_40BC_f,Perception of staffing advice and support,Perception des conseils et du soutien en matière de dotation,Managers,Gestionnaire,"Entre le 1er janvier et le 31 décembre 2017, avez-vous nommé des personnes provenant de l’administration publique centrale pour une période déterminée ou indéterminée? Préciser les types de processus utilisés  - Processus de dotation annoncé que vous avez mené avec d’autres gestionnaires de votre or","Between January 1 and December 31, 2017, did you appoint any persons from within the core public administration as a term or indeterminate employee? Indicate the types of processes used  - An advertised staffing process that you ran jointly with other managers within your organization",De APC: Types processus utilisés: Annoncé avec autres gestion. (MAN_40BC),Within CPA: Process type: Advertised: Jointly (MAN_40BC)
MAN_40BD_e,MAN_40BD_f,Perception of staffing advice and support,Perception des conseils et du soutien en matière de dotation,Managers,Gestionnaire,"Entre le 1er janvier et le 31 décembre 2017, avez-vous nommé des personnes provenant de l’administration publique centrale pour une période déterminée ou indéterminée? Préciser les types de processus utilisés  - Processus de dotation annoncé mené par une autre organisation","Between January 1 and December 31, 2017, did you appoint any persons from within the core public administration as a term or indeterminate employee? Indicate the types of processes used  - An advertised staffing process conducted by another organization",De APC: Types processus utilisés: Annoncé par autre organisa. (MAN_40BD),Within CPA: Process type: Advertised: Another org (MAN_40BD)
MAN_40BE_e,MAN_40BE_f,Perception of staffing advice and support,Perception des conseils et du soutien en matière de dotation,Managers,Gestionnaire,"Entre le 1er janvier et le 31 décembre 2017, avez-vous nommé des personnes provenant de l’administration publique centrale pour une période déterminée ou indéterminée? Préciser les types de processus utilisés  - Nomination intérimaire de 4 mois ou plus","Between January 1 and December 31, 2017, did you appoint any persons from within the core public administration as a term or indeterminate employee? Indicate the types of processes used  - An acting appointment of 4 months or more",De APC: Types processus utilisés: Nomination intérimaire 4 mois + (MAN_40BE),Within CPA: Process type: Acting appt 4 mo or more (MAN_40BE)
MAN_40BF_e,MAN_40BF_f,Perception of staffing advice and support,Perception des conseils et du soutien en matière de dotation,Managers,Gestionnaire,"Entre le 1er janvier et le 31 décembre 2017, avez-vous nommé des personnes provenant de l’administration publique centrale pour une période déterminée ou indéterminée? Préciser les types de processus utilisés  - Mutation","Between January 1 and December 31, 2017, did you appoint any persons from within the core public administration as a term or indeterminate employee? Indicate the types of processes used  - A deployment",De APC: Types processus utilisés: Mutation (MAN_40BF),Within CPA: Process type: Deployment (MAN_40BF)
MAN_40BG_e,MAN_40BG_f,Perception of staffing advice and support,Perception des conseils et du soutien en matière de dotation,Managers,Gestionnaire,"Entre le 1er janvier et le 31 décembre 2017, avez-vous nommé des personnes provenant de l’administration publique centrale pour une période déterminée ou indéterminée? Préciser les types de processus utilisés  - Autre","Between January 1 and December 31, 2017, did you appoint any persons from within the core public administration as a term or indeterminate employee? Indicate the types of processes used  - Other",De APC: Types processus utilisés: Autre (MAN_40BG),Within CPA: Process type: Other (MAN_40BG)
MAN_45A_e,MAN_45A_f,Perception of staffing advice and support,Perception des conseils et du soutien en matière de dotation,Managers,Gestionnaire,"Entre le 1er janvier et le 31 décembre 2017, avez-vous embauché des personnes provenant de l’extérieur de l’administration publique centrale pour une période déterminée ou indéterminée?","Between January 1 and December 31, 2017, did you hire any persons from outside the core public administration as a term or indeterminate employee?",Nommé personnes extérieur APC: Période dét./indét. (MAN_45A),Hire from outside CPA: Term / indeterminate (MAN_45A)
MAN_45BA_e,MAN_45BA_f,Perception of staffing advice and support,Perception des conseils et du soutien en matière de dotation,Managers,Gestionnaire,"Entre le 1er janvier et le 31 décembre 2017, avez-vous embauché des personnes provenant de l’extérieur de l’administration publique centrale pour une période déterminée ou indéterminée? Préciser les types de processus ou programmes utilisés  - Processus de dotation non annoncé","Between January 1 and December 31, 2017, did you hire any persons from outside the core public administration as a term or indeterminate employee? Indicate the types of processes or programs used  - A non-advertised staffing process",Ext. APC: Types processus utilisés: Non annoncé (MAN_45BA),Outside CPA: Process type: Non-advertised (MAN_45BA)
MAN_45BB_e,MAN_45BB_f,Perception of staffing advice and support,Perception des conseils et du soutien en matière de dotation,Managers,Gestionnaire,"Entre le 1er janvier et le 31 décembre 2017, avez-vous embauché des personnes provenant de l’extérieur de l’administration publique centrale pour une période déterminée ou indéterminée? Préciser les types de processus ou programmes utilisés  - Processus de dotation annoncé que vous avez mené afin de","Between January 1 and December 31, 2017, did you hire any persons from outside the core public administration as a term or indeterminate employee? Indicate the types of processes or programs used  - An advertised staffing process that you ran to address your specific needs only",Ext. APC: Types processus utilisés: Annoncé répon. besoins parti. (MAN_45BB),Outside CPA: Process type: Advertised: Specific (MAN_45BB)
MAN_45BC_e,MAN_45BC_f,Perception of staffing advice and support,Perception des conseils et du soutien en matière de dotation,Managers,Gestionnaire,"Entre le 1er janvier et le 31 décembre 2017, avez-vous embauché des personnes provenant de l’extérieur de l’administration publique centrale pour une période déterminée ou indéterminée? Préciser les types de processus ou programmes utilisés  - Processus de dotation annoncé que vous avez mené avec d’","Between January 1 and December 31, 2017, did you hire any persons from outside the core public administration as a term or indeterminate employee? Indicate the types of processes or programs used  - An advertised staffing process that you ran jointly with other managers within your organization",Ext. APC: Types processus utilisés: Annoncé avec autres gestion. (MAN_45BC),Outside CPA: Process type: Advertised: Jointly (MAN_45BC)
MAN_45BD_e,MAN_45BD_f,Perception of staffing advice and support,Perception des conseils et du soutien en matière de dotation,Managers,Gestionnaire,"Entre le 1er janvier et le 31 décembre 2017, avez-vous embauché des personnes provenant de l’extérieur de l’administration publique centrale pour une période déterminée ou indéterminée? Préciser les types de processus ou programmes utilisés  - Processus de dotation annoncé mené par une autre organis","Between January 1 and December 31, 2017, did you hire any persons from outside the core public administration as a term or indeterminate employee? Indicate the types of processes or programs used  - An advertised staffing process conducted by another organization",Ext. APC: Types processus utilisés: Annoncé par autre organisa. (MAN_45BD),Outside CPA: Process type: Advertised: Another org (MAN_45BD)
MAN_45BE_e,MAN_45BE_f,Perception of staffing advice and support,Perception des conseils et du soutien en matière de dotation,Managers,Gestionnaire,"Entre le 1er janvier et le 31 décembre 2017, avez-vous embauché des personnes provenant de l’extérieur de l’administration publique centrale pour une période déterminée ou indéterminée? Préciser les types de processus ou programmes utilisés  - Bassin de candidats externes à l’échelle de la fonction","Between January 1 and December 31, 2017, did you hire any persons from outside the core public administration as a term or indeterminate employee? Indicate the types of processes or programs used  - A public service-wide pool of external candidates created by the PSC",Ext. APC: Types processus utilisés: Bassin externes créé par CFP (MAN_45BE),Outside CPA: Process type: PSC Pool external candidates (MAN_45BE)
MAN_45BF_e,MAN_45BF_f,Perception of staffing advice and support,Perception des conseils et du soutien en matière de dotation,Managers,Gestionnaire,"Entre le 1er janvier et le 31 décembre 2017, avez-vous embauché des personnes provenant de l’extérieur de l’administration publique centrale pour une période déterminée ou indéterminée? Préciser les types de processus ou programmes utilisés  - Programme de recrutement postsecondaire","Between January 1 and December 31, 2017, did you hire any persons from outside the core public administration as a term or indeterminate employee? Indicate the types of processes or programs used  - Post-Secondary Recruitment Program",Ext. APC: Types processus utilisés: Pro. de recru. postsecondaire (MAN_45BF),Outside CPA: Process type: Post-Secondary Recruitment (MAN_45BF)
MAN_45BG_e,MAN_45BG_f,Perception of staffing advice and support,Perception des conseils et du soutien en matière de dotation,Managers,Gestionnaire,"Entre le 1er janvier et le 31 décembre 2017, avez-vous embauché des personnes provenant de l’extérieur de l’administration publique centrale pour une période déterminée ou indéterminée? Préciser les types de processus ou programmes utilisés  - Programme de recrutement de leaders en politiques","Between January 1 and December 31, 2017, did you hire any persons from outside the core public administration as a term or indeterminate employee? Indicate the types of processes or programs used  - Recruitment of Policy Leaders Program",Ext. APC: Types processus utilisés: Pro. de recru. leaders pol. (MAN_45BG),Outside CPA: Recruitment of Policy Leaders (MAN_45BG)
MAN_45BH_e,MAN_45BH_f,Perception of staffing advice and support,Perception des conseils et du soutien en matière de dotation,Managers,Gestionnaire,"Entre le 1er janvier et le 31 décembre 2017, avez-vous embauché des personnes provenant de l’extérieur de l’administration publique centrale pour une période déterminée ou indéterminée? Préciser les types de processus ou programmes utilisés  - Programme de recrutement établi par votre organisation","Between January 1 and December 31, 2017, did you hire any persons from outside the core public administration as a term or indeterminate employee? Indicate the types of processes or programs used  - A recruitment program specific to your organization",Ext. APC: Types processus utilisés: Pro. de recru. votre org. (MAN_45BH),Outside CPA: Recruitment program specific to org (MAN_45BH)
MAN_45BI_e,MAN_45BI_f,Perception of staffing advice and support,Perception des conseils et du soutien en matière de dotation,Managers,Gestionnaire,"Entre le 1er janvier et le 31 décembre 2017, avez-vous embauché des personnes provenant de l’extérieur de l’administration publique centrale pour une période déterminée ou indéterminée? Préciser les types de processus ou programmes utilisés  - Autre","Between January 1 and December 31, 2017, did you hire any persons from outside the core public administration as a term or indeterminate employee? Indicate the types of processes or programs used  - Other",Ext. APC: Types processus utilisés: Autre (MAN_45BI),Outside CPA: Process type: Other (MAN_45BI)
MAN_50A_e,MAN_50A_f,Perception of staffing advice and support,Perception des conseils et du soutien en matière de dotation,Managers,Gestionnaire,Avez-vous utilisé les méthodes suivantes pour évaluer les candidats entre le 1er janvier et le 31 décembre 2017? - Test d’aptitudes générales ou examen d’habiletés cognitives,"Did you use the following candidate assessment methods between January 1 and December 31, 2017? - General aptitude or cognitive ability test",Méthode évaluation candidat: Test d’aptitudes/habiletés cognitive (MAN_50A),"Candidate assessment method: Aptitude, cognitive ability test (MAN_50A)"
MAN_50B_e,MAN_50B_f,Perception of staffing advice and support,Perception des conseils et du soutien en matière de dotation,Managers,Gestionnaire,Avez-vous utilisé les méthodes suivantes pour évaluer les candidats entre le 1er janvier et le 31 décembre 2017? - Examen écrit des connaissances,"Did you use the following candidate assessment methods between January 1 and December 31, 2017? - Written knowledge test",Méthode évaluation candidat: Examen écrit des connaissances (MAN_50B),Candidate assessment method: Written knowledge test (MAN_50B)
MAN_50C_e,MAN_50C_f,Perception of staffing advice and support,Perception des conseils et du soutien en matière de dotation,Managers,Gestionnaire,Avez-vous utilisé les méthodes suivantes pour évaluer les candidats entre le 1er janvier et le 31 décembre 2017? - Tests de personnalité et de jugement situationnel,"Did you use the following candidate assessment methods between January 1 and December 31, 2017? - Personality and situational judgment tests",Méthode évaluation candidat: Tests personna./jugement situation. (MAN_50C),"Candidate assessment method: Personality, situational tests (MAN_50C)"
MAN_50D_e,MAN_50D_f,Perception of staffing advice and support,Perception des conseils et du soutien en matière de dotation,Managers,Gestionnaire,Avez-vous utilisé les méthodes suivantes pour évaluer les candidats entre le 1er janvier et le 31 décembre 2017? - Échantillon de travail,"Did you use the following candidate assessment methods between January 1 and December 31, 2017? - Work sample",Méthode évaluation candidat: Échantillon de travail (MAN_50D),Candidate assessment method: Work sample (MAN_50D)
MAN_50E_e,MAN_50E_f,Perception of staffing advice and support,Perception des conseils et du soutien en matière de dotation,Managers,Gestionnaire,"Avez-vous utilisé les méthodes suivantes pour évaluer les candidats entre le 1er janvier et le 31 décembre 2017? - Mise en situation, Centre d’évaluation ou exercice « in-basket »","Did you use the following candidate assessment methods between January 1 and December 31, 2017? - Simulation, Assessment Centre or in-basket exercise",Méthode évaluation candidat: Mise en situation/Centre d’évaluatn (MAN_50E),"Candidate assessment method: Simulation, Assessment Centre (MAN_50E)"
MAN_50F_e,MAN_50F_f,Perception of staffing advice and support,Perception des conseils et du soutien en matière de dotation,Managers,Gestionnaire,Avez-vous utilisé les méthodes suivantes pour évaluer les candidats entre le 1er janvier et le 31 décembre 2017? - Entrevue,"Did you use the following candidate assessment methods between January 1 and December 31, 2017? - Interview",Méthode évaluation candidat: Entrevue (MAN_50F),Candidate assessment method: Interview (MAN_50F)
MAN_50G_e,MAN_50G_f,Perception of staffing advice and support,Perception des conseils et du soutien en matière de dotation,Managers,Gestionnaire,Avez-vous utilisé les méthodes suivantes pour évaluer les candidats entre le 1er janvier et le 31 décembre 2017? - Documents fournis par l’employé,"Did you use the following candidate assessment methods between January 1 and December 31, 2017? - Employee-supplied material",Méthode évaluation candidat: Documents fournis par l’employé (MAN_50G),Candidate assessment method: Employee-supplied material (MAN_50G)
MAN_50H_e,MAN_50H_f,Perception of staffing advice and support,Perception des conseils et du soutien en matière de dotation,Managers,Gestionnaire,Avez-vous utilisé les méthodes suivantes pour évaluer les candidats entre le 1er janvier et le 31 décembre 2017? - Vérification des références,"Did you use the following candidate assessment methods between January 1 and December 31, 2017? - Reference checks",Méthode évaluation candidat: Vérification des références (MAN_50H),Candidate assessment method: Reference checks (MAN_50H)
MAN_50I_e,MAN_50I_f,Perception of staffing advice and support,Perception des conseils et du soutien en matière de dotation,Managers,Gestionnaire,Avez-vous utilisé les méthodes suivantes pour évaluer les candidats entre le 1er janvier et le 31 décembre 2017? - Évaluations du rendement,"Did you use the following candidate assessment methods between January 1 and December 31, 2017? - Performance appraisals",Méthode évaluation candidat: Évaluations du rendement (MAN_50I),Candidate assessment method: Performance appraisals (MAN_50I)
MAN_50J_e,MAN_50J_f,Perception of staffing advice and support,Perception des conseils et du soutien en matière de dotation,Managers,Gestionnaire,Avez-vous utilisé les méthodes suivantes pour évaluer les candidats entre le 1er janvier et le 31 décembre 2017? - Autre,"Did you use the following candidate assessment methods between January 1 and December 31, 2017? - Other",Méthode évaluation candidat: Autre (MAN_50J),Candidate assessment method: Other (MAN_50J)
MAN_55A_e,MAN_55A_f,Perception of staffing advice and support,Perception des conseils et du soutien en matière de dotation,Managers,Gestionnaire,Quelles ont été les sources des méthodes d’évaluation utilisées dans le cadre de vos processus de nomination? - Élaborées dans votre organisation,What were the sources of the assessment methods used to conduct your appointment processes? - Developed within your own organization,Source méthode évaluation: Élaborées dans votre organisation (MAN_55A),Source of assessment method: Developed within own org (MAN_55A)
MAN_55B_e,MAN_55B_f,Perception of staffing advice and support,Perception des conseils et du soutien en matière de dotation,Managers,Gestionnaire,Quelles ont été les sources des méthodes d’évaluation utilisées dans le cadre de vos processus de nomination? - Des tests de la CFP ou des examens élaborés en collaboration avec la CFP,What were the sources of the assessment methods used to conduct your appointment processes? - PSC tests or tests developed in concert with the PSC,Source méthode évaluation: Tests de CFP ou élaborés avec la CFP (MAN_55B),Source of assessment method: PSC tests or developed with the PSC (MAN_55B)
MAN_55C_e,MAN_55C_f,Perception of staffing advice and support,Perception des conseils et du soutien en matière de dotation,Managers,Gestionnaire,Quelles ont été les sources des méthodes d’évaluation utilisées dans le cadre de vos processus de nomination? - Des produits commerciaux du secteur privé,What were the sources of the assessment methods used to conduct your appointment processes? - Commercial off-the-shelf products from the private sector,Source méthode évaluation: Produits commerciaux du secteur privé (MAN_55C),Source of assessment method: Commercial off-the-shelf products (MAN_55C)
MAN_60A_e,MAN_60A_f,"Perception of merit, fairness and transparency","Perception du mérite, de l'équité et de la transparence",Managers,Gestionnaire,Dans quelle mesure êtes-vous d’accord avec les énoncés suivants concernant les nominations effectuées à la suite des processus de dotation que vous avez menés entre le 1er janvier et le 31 décembre 2017? - Les personnes nommées répondent aux attentes en matière de rendement pour les postes pour lesq,"To what extent do you agree with the following statements regarding appointments made as a result of processes you completed between January 1 and December 31, 2017? - The appointees meet the performance expectations of the positions for which they were hired",Mesure d'accord: processus: Pers. nommées répond. attentes ren. (MAN_60A),Extent agree: Process: Appointees meet performance expectations (MAN_60A)
MAN_60B_e,MAN_60B_f,"Perception of merit, fairness and transparency","Perception du mérite, de l'équité et de la transparence",Managers,Gestionnaire,Dans quelle mesure êtes-vous d’accord avec les énoncés suivants concernant les nominations effectuées à la suite des processus de dotation que vous avez menés entre le 1er janvier et le 31 décembre 2017? - Les personnes que j’ai nommées s’intègrent bien dans les équipes ou les unités de travail où e,"To what extent do you agree with the following statements regarding appointments made as a result of processes you completed between January 1 and December 31, 2017? - The persons I appointed are a good fit within their assigned teams or work units",Mesure d'accord: processus: Pers. nommées s’intègrent bien (MAN_60B),Extent agree: Process: Persons appointed are a good fit (MAN_60B)
MAN_65A_e,MAN_65A_f,Perception of staffing advice and support,Perception des conseils et du soutien en matière de dotation,Managers,Gestionnaire,Dans quelle mesure êtes-vous d’accord avec les énoncés suivants concernant les services de dotation que vous avez obtenus entre le 1er janvier et le 31 décembre 2017? - Les conseillers en dotation de mon organisation m’ont donné des conseils cohérents en matière de dotation,"To what extent do you agree with the following statements regarding the staffing services you received between January 1 and December 31, 2017? - Staffing advisors in my organization provided me with consistent staffing advice",Mesure d'accord: processus: Con. ont donné conseils cohérents (MAN_65A),Extent agree: Process: Staffing adv provided consistent advice (MAN_65A)
MAN_65B_e,MAN_65B_f,Perception of staffing advice and support,Perception des conseils et du soutien en matière de dotation,Managers,Gestionnaire,Dans quelle mesure êtes-vous d’accord avec les énoncés suivants concernant les services de dotation que vous avez obtenus entre le 1er janvier et le 31 décembre 2017? - Les conseillers en dotation de mon organisation m’ont donné des conseils utiles en matière de dotation,"To what extent do you agree with the following statements regarding the staffing services you received between January 1 and December 31, 2017? - Staffing advisors in my organization provided me with useful staffing advice",Mesure d'accord: processus: Con. ont donné conseils utiles (MAN_65B),Extent agree: Process: Staffing adv useful advice (MAN_65B)
MAN_70A_e,MAN_70A_f,Perception of staffing advice and support,Perception des conseils et du soutien en matière de dotation,Managers,Gestionnaire,"Parmi les domaines suivants, quels sont ceux pour lesquels vous estimez que les renseignements fournis par les conseillers en dotation chargés de vos processus de dotation n’ont pas été utiles? - Prise en considération des droits de priorité",In which of the following areas did you feel the information provided to you by the staffing advisors assigned to your appointment processes was not useful? - Consideration of persons with priority entitlements,Rensei. conseillers pas utiles: Droits de priorité (MAN_70A),Staffing adv info not useful: Priority entitlements (MAN_70A)
MAN_70B_e,MAN_70B_f,Perception of staffing advice and support,Perception des conseils et du soutien en matière de dotation,Managers,Gestionnaire,"Parmi les domaines suivants, quels sont ceux pour lesquels vous estimez que les renseignements fournis par les conseillers en dotation chargés de vos processus de dotation n’ont pas été utiles? - Mesures d’adaptation pour les évaluations à l’intention des candidats",In which of the following areas did you feel the information provided to you by the staffing advisors assigned to your appointment processes was not useful? - Testing accommodations for candidates,Rensei. conseillers pas utiles: Mesures d’adaptation évaluations (MAN_70B),Staffing adv info not useful: Testing accommodation (MAN_70B)
MAN_70C_e,MAN_70C_f,Perception of staffing advice and support,Perception des conseils et du soutien en matière de dotation,Managers,Gestionnaire,"Parmi les domaines suivants, quels sont ceux pour lesquels vous estimez que les renseignements fournis par les conseillers en dotation chargés de vos processus de dotation n’ont pas été utiles? - Considérations relatives à l’équité en matière d’emploi",In which of the following areas did you feel the information provided to you by the staffing advisors assigned to your appointment processes was not useful? - Employment equity considerations,Rensei. conseillers pas utiles: Équité en matière d’emploi (MAN_70C),Staffing adv info not useful: Employment equity (MAN_70C)
MAN_70D_e,MAN_70D_f,Perception of staffing advice and support,Perception des conseils et du soutien en matière de dotation,Managers,Gestionnaire,"Parmi les domaines suivants, quels sont ceux pour lesquels vous estimez que les renseignements fournis par les conseillers en dotation chargés de vos processus de dotation n’ont pas été utiles? - Établissement de la zone de sélection",In which of the following areas did you feel the information provided to you by the staffing advisors assigned to your appointment processes was not useful? - Identifying the area of selection,Rensei. conseillers pas utiles: Établissement zone de sélection (MAN_70D),Staffing adv info not useful: Identifying area of selection (MAN_70D)
MAN_70E_e,MAN_70E_f,Perception of staffing advice and support,Perception des conseils et du soutien en matière de dotation,Managers,Gestionnaire,"Parmi les domaines suivants, quels sont ceux pour lesquels vous estimez que les renseignements fournis par les conseillers en dotation chargés de vos processus de dotation n’ont pas été utiles? - Établissement des critères de mérite",In which of the following areas did you feel the information provided to you by the staffing advisors assigned to your appointment processes was not useful? - Establishing the merit criteria,Rensei. conseillers pas utiles: Établissement critères de mérite (MAN_70E),Staffing adv info not useful: Establishing merit criteria (MAN_70E)
MAN_70F_e,MAN_70F_f,Perception of staffing advice and support,Perception des conseils et du soutien en matière de dotation,Managers,Gestionnaire,"Parmi les domaines suivants, quels sont ceux pour lesquels vous estimez que les renseignements fournis par les conseillers en dotation chargés de vos processus de dotation n’ont pas été utiles? - Outils ou méthodes d’évaluation à utiliser",In which of the following areas did you feel the information provided to you by the staffing advisors assigned to your appointment processes was not useful? - The assessment tools or methods to be used,Rensei. conseillers pas utiles: Outils/méthodes d’évaluation (MAN_70F),Staffing adv info not useful: Assessment tools or methods used (MAN_70F)
MAN_70G_e,MAN_70G_f,Perception of staffing advice and support,Perception des conseils et du soutien en matière de dotation,Managers,Gestionnaire,"Parmi les domaines suivants, quels sont ceux pour lesquels vous estimez que les renseignements fournis par les conseillers en dotation chargés de vos processus de dotation n’ont pas été utiles? - Durée de l’annonce des postes à pourvoir",In which of the following areas did you feel the information provided to you by the staffing advisors assigned to your appointment processes was not useful? - The proposed length of time to advertise,Rensei. conseillers pas utiles: Durée de l’annonce (MAN_70G),Staffing adv info not useful: Length of time to advertise (MAN_70G)
MAN_70H_e,MAN_70H_f,Perception of staffing advice and support,Perception des conseils et du soutien en matière de dotation,Managers,Gestionnaire,"Parmi les domaines suivants, quels sont ceux pour lesquels vous estimez que les renseignements fournis par les conseillers en dotation chargés de vos processus de dotation n’ont pas été utiles? - Choix de la méthode utilisée pour doter les postes",In which of the following areas did you feel the information provided to you by the staffing advisors assigned to your appointment processes was not useful? - Choice of method used to staff your positions,Rensei. conseillers pas utiles: Choix de la méthode utilisée (MAN_70H),Staffing adv info not useful: Method used to staff (MAN_70H)
MAN_70I_e,MAN_70I_f,Perception of staffing advice and support,Perception des conseils et du soutien en matière de dotation,Managers,Gestionnaire,"Parmi les domaines suivants, quels sont ceux pour lesquels vous estimez que les renseignements fournis par les conseillers en dotation chargés de vos processus de dotation n’ont pas été utiles? - Harmonisation de vos besoins en dotation avec les priorités du plan de RH de votre organisation",In which of the following areas did you feel the information provided to you by the staffing advisors assigned to your appointment processes was not useful? - Aligning your staffing needs with the priorities of your organization’s HR plan,Rensei. conseillers pas utiles: Harmoniser besoins avec plan RH (MAN_70I),Staffing adv info not useful: Align staffing needs w/ org HR plan (MAN_70I)
MAN_70J_e,MAN_70J_f,Perception of staffing advice and support,Perception des conseils et du soutien en matière de dotation,Managers,Gestionnaire,"Parmi les domaines suivants, quels sont ceux pour lesquels vous estimez que les renseignements fournis par les conseillers en dotation chargés de vos processus de dotation n’ont pas été utiles? - Autre",In which of the following areas did you feel the information provided to you by the staffing advisors assigned to your appointment processes was not useful? - Other,Rensei. conseillers pas utiles: Autre (MAN_70J),Staffing adv info not useful: Other (MAN_70J)
MAN_75A_e,MAN_75A_f,Perception of staffing advice and support,Perception des conseils et du soutien en matière de dotation,Managers,Gestionnaire,Dans quelle mesure êtes-vous d’accord avec les énoncés suivants concernant les services de dotation que vous avez obtenus entre le 1er janvier et le 31 décembre 2017? - Les conseillers en dotation de mon organisation ont agi de manière proactive pour m’aider à nommer le type de personne dont j’avais,"To what extent do you agree with the following statements regarding the staffing services you received between January 1 and December 31, 2017? - Staffing advisors in my organization act proactively to help me fill positions with the type of appointees I need",Mesure d'accord: Services: Conseillers ont agi proac. pour aider (MAN_75A),Extent agree: Staffing services: Staffing adv proactively help (MAN_75A)
MAN_75B_e,MAN_75B_f,Perception of staffing advice and support,Perception des conseils et du soutien en matière de dotation,Managers,Gestionnaire,"Dans quelle mesure êtes-vous d’accord avec les énoncés suivants concernant les services de dotation que vous avez obtenus entre le 1er janvier et le 31 décembre 2017? - Dans l’ensemble, je suis satisfait des services de dotation que j’ai reçus de mon organisation","To what extent do you agree with the following statements regarding the staffing services you received between January 1 and December 31, 2017? - Overall, I am satisfied with the staffing services I have received from my organization",Mesure d'accord: Services: Satisfait des services reçus (MAN_75B),Extent agree: Staffing services: Overall satisfied (MAN_75B)
MAN_80A_e,MAN_80A_f,Perception of the New Direction in Staffing,Perception de la Nouvelle orientation en dotation,Managers,Gestionnaire,Dans quelle mesure êtes-vous d’accord avec les énoncés suivants? - Je comprends la Nouvelle orientation en dotation,"To what extent do you agree with the following statements regarding the staffing services you received between January 1 and December 31, 2017? - I understand the New Direction in Staffing",Mesure d'accord: Comprends NOD (MAN_80A),Extent agree: Understand the NDS (MAN_80A)
MAN_80B_e,MAN_80B_f,Perception of the New Direction in Staffing,Perception de la Nouvelle orientation en dotation,Managers,Gestionnaire,Dans quelle mesure êtes-vous d’accord avec les énoncés suivants? - La Nouvelle orientation en dotation a amélioré la façon d’embaucher et de nommer les candidats au sein de mon organisation,"To what extent do you agree with the following statements regarding the staffing services you received between January 1 and December 31, 2017? - The New Direction in Staffing has improved the way we hire and appoint persons to and within my organization",Mesure d'accord: NOD a amélioré façon embaucher/nommer candidats (MAN_80B),Extent agree: NDS improved the way we hire and appoint to my org (MAN_80B)
MAN_80C_e,MAN_80C_f,Perception of the New Direction in Staffing,Perception de la Nouvelle orientation en dotation,Managers,Gestionnaire,Dans quelle mesure êtes-vous d’accord avec les énoncés suivants? - La Nouvelle orientation en dotation a simplifié la dotation au sein de mon organisation,"To what extent do you agree with the following statements regarding the staffing services you received between January 1 and December 31, 2017? - The New Direction in Staffing has resulted in staffing being simpler in my organization",Mesure d'accord: NOD a simplifié la dotation dans organisation (MAN_80C),Extent agree: NDS resulted in staffing being simpler in my org (MAN_80C)
MAN_80D_e,MAN_80D_f,Perception of organizational staffing policies and practices,Perception des politiques et pratiques en matière de dotation de l’organisation,Managers,Gestionnaire,Dans quelle mesure êtes-vous d’accord avec les énoncés suivants? - Je comprends les politiques de mon organisation en matière de dotation,"To what extent do you agree with the following statements regarding the staffing services you received between January 1 and December 31, 2017? - I understand my organization's policies with respect to staffing",Mesure d'accord: Comprends politiques dotations de mon org. (MAN_80D),Extent agree: Understand org staffing policies (MAN_80D)
MAN_80E_e,MAN_80E_f,Perception of organizational staffing policies and practices,Perception des politiques et pratiques en matière de dotation de l’organisation,Managers,Gestionnaire,"Dans quelle mesure êtes-vous d’accord avec les énoncés suivants? - Au sein de mon organisation, le processus administratif visant à doter un poste est lourd","To what extent do you agree with the following statements regarding the staffing services you received between January 1 and December 31, 2017? - Within my organization, the administrative process involved in order to staff a position is burdensome",Mesure d'accord: Le processus administratif est lourd (MAN_80E),Extent agree: Admin process to staff burdensome (MAN_80E)
MAN_80F_e,MAN_80F_f,Perception of organizational staffing policies and practices,Perception des politiques et pratiques en matière de dotation de l’organisation,Managers,Gestionnaire,Dans quelle mesure êtes-vous d’accord avec les énoncés suivants? - Les options en matière de dotation dont je dispose au sein de mon organisation me permettent de répondre à mes besoins en personnel aussi rapidement qu’il le faut,"To what extent do you agree with the following statements regarding the staffing services you received between January 1 and December 31, 2017? - Staffing options available to me within my organization allow me to address my staffing needs as quickly as required",Mesure d'accord: Opt. dota. répond. à besoins en pers. rapidement (MAN_80F),Extent agree: Staff options allow quickly address staffing needs (MAN_80F)
MAN_80G_e,MAN_80G_f,Perception of organizational staffing policies and practices,Perception des politiques et pratiques en matière de dotation de l’organisation,Managers,Gestionnaire,Dans quelle mesure êtes-vous d’accord avec les énoncés suivants? - Les options en matière de dotation dont je dispose au sein de mon organisation me permettent de nommer des personnes qui s’intègrent bien à mon unité de travail,"To what extent do you agree with the following statements regarding the staffing services you received between January 1 and December 31, 2017? - Staffing options available to me within my organization provide me the flexibility to appoint persons who are a good fit within my work unit",Mesure d'accord: Opt. dota. permet. nom. pers. qui intègrent bien (MAN_80G),Extent agree: Staffing options limit good fit (MAN_80G)
MAN_80H_e,MAN_80H_f,Consideration of priority entitlements,Prise en considération des droits de priorité,Managers,Gestionnaire,Dans quelle mesure êtes-vous d’accord avec les énoncés suivants? - Les droits de priorité limitent ma capacité à nommer des personnes qui s’intègrent bien à mon unité de travail,"To what extent do you agree with the following statements regarding the staffing services you received between January 1 and December 31, 2017? - Priority entitlements limit my ability to appoint persons who are a good fit within my work unit",Mesure d'accord: Droits priorité limi. cap. pers. intègrent bien (MAN_80H),Extent agree: Priority entitlements limit good fit (MAN_80H)
MAN_80I_e,MAN_80I_f,Consideration of priority entitlements,Prise en considération des droits de priorité,Managers,Gestionnaire,Dans quelle mesure êtes-vous d’accord avec les énoncés suivants? - Je comprends les dispositions favorisant l’emploi des anciens combattants au sein de la fonction publique fédérale,"To what extent do you agree with the following statements regarding the staffing services you received between January 1 and December 31, 2017? - I understand the provisions that help veterans gain employment in the federal public service",Mesure d'accord: Comprends dispositions favorisant emploi des AC (MAN_80I),Extent agree: Understand provisions for veterans (MAN_80I)
MAN_85A_e,MAN_85A_f,"Perception of merit, fairness and transparency","Perception du mérite, de l'équité et de la transparence",Managers,Gestionnaire,"Lorsque vous pensez aux processus de nomination que vous avez menés entre le 1er janvier et le 31 décembre 2017, dans quelle mesure êtes-vous d’accord avec les énoncés suivants? - J’ai ressenti de la pression provenant de l’extérieur pour sélectionner un candidat en particulier","Thinking about the appointment processes that you undertook between January 1 and December 31, 2017, to what extent do you agree with the following statements? - I felt external pressure to select a particular employee",Mesure d'accord: Processus: Ressent pression ext. sélec. candidat (MAN_85A),Extent agree: Appt process: Felt pressure to select (MAN_85A)
MAN_85B_e,MAN_85B_f,"Perception of merit, fairness and transparency","Perception du mérite, de l'équité et de la transparence",Managers,Gestionnaire,"Lorsque vous pensez aux processus de nomination que vous avez menés entre le 1er janvier et le 31 décembre 2017, dans quelle mesure êtes-vous d’accord avec les énoncés suivants? - J’ai ressenti un sentiment d’obligation personnelle ou de dette envers un ou plusieurs employés","Thinking about the appointment processes that you undertook between January 1 and December 31, 2017, to what extent do you agree with the following statements? - I felt a sense of personal indebtedness to one or more employees",Mesure d'accord: Processus: Ressent dette envers employés (MAN_85B),Extent agree: Appt process: Felt indebtedness to employees (MAN_85B)
